bait_name	bait_sequence_primer	bait_sequence_sgRNA	bait_sequence_pam	bait_chrom	bait_start	bait_end	bait_strand	bait_strand_sgRNA
Chr1_41Mb	CACTTGCAACTTTGAGGGTTGTCTC	ATCAACAGTAGTCAACAAGG	AGG	chr1	41907738	41907881	-	-
Chr2_129Mb	GAGCATGGCCTTGAACTTCTTGC	TCTGTGAACCAGTTAGGGTT	GGG	chr2	129961871	129961967	-	+
Chr3_47Mb	GGTGTGTGCACTTACACCTGAAGAG	GCTGGGCTTTGCTAGCCAGG	CGG	chr3	47249669	47249794	-	+
Chr4_51Mb	GTGTCATGGCTCAGTGAGTTCTCTC	AGACTTCTAGAAGTACCTGT	TGG	chr4	51714847	51714963	-	+
Chr5_101Mb	ATGGTGGAGCGTGTCTTTAATCCC	ATAGTGAGTTAGGTCAGCCA	GGG	chr5	101092111	101092209	+	+
Chr6_70Mb	TTCGGCTTCTGTTCTCTGAAAGAGC	GAGGGTTGGAAATGCTCGTA	TGG	chr6	70950109	70950207	-	-
Chr6_70Mb-Chr4_141Mb	GCCTCTTTGCCTTTAGTCGG	GATGCATGTGCCGTCCTCAC	GGG	chr4	141559921	141560030	+	+
Chr7_80Mb	GCAGTGGTGGTTTCTCTCTCCATAG	TGGTATGCAGTGGAGCACAT	GGG	chr7	73307068	73307161	-	+
Chr8_61Mb	TCCCAGTGTGTACTAGTATCAAGTTCT	GTCGACCATATGCTAATCTT	AGG	chr8	59477575	59477703	+	-
Chr8_61Mb-Chr6_32Mb	CACCTGGAGCCTTTGTTTCC	ACAGACCATAAGTTAATCTT	GGG	chr6	32876330	32876437	+	-
Chr8_61Mb-Chr14_22Mb	CAGTAAGTGGTGTTGTGGGC	AGTGACCATATGCTAATCTA	GGG	chr14	22766304	22766531	-	-
Chr9_25Mb	GTCTCTCCAGGCACAGTGTTCCGT	GAGCCGGAGCTAATGCAATA	GGG	chr9	26134571	26134715	+	-
Chr10_80Mb	CACAGAAAACGGCAAGGACAACAC	CTTCAACAAGAACCTCAACG	AGG	chr10	81077974	81078131	-	+
Chr11_38Mb	ACCTTCATTCGTTCACATGTGTGGG	ATGACCCTTTAAGTACAAAG	TGG	chr11	38547633	38547723	-	-
Chr12_13Mb	CCTCTAAGATAAAAACTGGAAGTAGTT	ATTCCGCCAACCCTCGAGAT	AGG	chr12	12993923	12994054	+	+
Chr13_57Mb	AGCAATCACGCAGCCAAACCACG	TGAATGGGGTTTGCCCGCGA	AGG	chr13	57108218	57108347	+	+
Chr14_83Mb	GTTGCACAAGCTACTCCTTCTC	GGCTTAGTTATAGTAGGGGC	TGG	chr14	83268683	83268846	+	+
Chr15_86Mb	CAAGGTCAAGGTGAACACGT	CAAGGTCAAGGTGAACACGT	AGG	chr15	87017699	87017778	+	-
Chr17_41Mb	CACCAGACAATGTTTGGTTGAT	TCCAGGGGTTCCTAGGTGTA	AGG	chr17	41491518	41491702	+	+
Chr18_58Mb	TATGGTCCATGTGCTCCTTG	CGTATGAGCCATTCGGTTAA	CGG	chr18	58345177	58345441	+	+
Chr19_35Mb	GTCCTGTAGCACAGTAAGGC	GTAAACTTTAAGCCGTTCAT	AGG	chr19	35145512	35145631	+	+
ChrX_96Mb	ATTACAAATACAGGTTCTGCGGCC	GGTTCCTCATCTATATAACG	GGG	chrX	99338623	99338742	-	-