bait_name	bait_chrom	offtarget_is_primary	offtarget_chrom	offtarget_start	offtarget_end	offtarget_strand	offtarget_mismatches	offtarget_sequence
Chr5_101Mb	chr5	0	chr4	130341181	130341202	+	2	GTAGTGAGTTCCAGGTCAGCCT
Chr5_101Mb	chr5	0	chr5	9240951	9240970	-	2	AGAGTGAGTCAGGTCAGCCA
Chr8_61Mb	chr8	0	chr14	22766316	22766352	+	17	GTCACTTTATTTATGTGTGTATTTGTTTGATAATCTT
Chr5_101Mb	chr5	0	chr16	4952634	4952653	-	12	GAGGCTTCTCTGTGCAGCCC
Chr5_101Mb	chr5	0	chr16	93631625	93631644	-	8	TTGAGGAGTGAGTTAGGCCA
Chr4_51Mb	chr4	1	chr4	51714830	51714849	+	0	AGACTTCTAGAAGTACCTGT
Chr8_61Mb	chr8	0	chr6	32876436	32876455	-	5	ACAGACCATAAGTTAATCTT
Chr4_51Mb	chr4	0	chr6	109157419	109157438	-	3	AGGATTCTAGGAGTACCTGT
Chr6_70Mb	chr6	1	chr6	70950106	70950125	-	0	GAGGGTTGGAAATGCTCGTA
Chr4_51Mb	chr4	0	chr6	53319790	53319809	+	7	GACTATCCAGAAGAACCTGT
Chr1_41Mb	chr1	1	chr1	41907735	41907754	-	0	ATCAACAGTAGTCAACAAGG
Chr7_80Mb	chr7	0	chr4	5770094	5770113	+	7	GAGGTATGAGTGGAGCACAT
Chr14_83Mb	chr14	0	chr19	29363285	29363304	+	4	ATCTAAGCTATAGTAGGGGC
Chr19_35Mb	chr19	1	chr19	35145615	35145634	+	0	GTAAACTTTAAGCCGTTCAT
Chr5_101Mb	chr5	0	chr9	113679759	113679778	+	3	AGAGTGAGTCAGGACAGCCA
Chr17_41Mb	chr17	0	chr13	17060979	17060998	+	5	CTGGGGGGTTCCTAGGTATA
Chr1_41Mb	chr1	0	chr13	21350148	21350167	+	2	GCCAACAGTAGTCAACAAGG
Chr1_41Mb	chr1	0	chr3	37164022	37164041	-	3	GCCAACAGCAGTCAACAAGG
Chr13_57Mb	chr13	1	chr13	57108331	57108350	+	0	TGAATGGGGTTTGCCCGCGA
Chr17_41Mb	chr17	1	chr17	41491686	41491705	+	0	TCCAGGGGTTCCTAGGTGTA
Chr5_101Mb	chr5	0	chr11	115685812	115685831	-	10	TAGTGAGTCCAGGTCAGCCA
Chr7_80Mb	chr7	0	chr11	113174918	113174937	-	11	GTGGTATACAGGGAACACAT
Chr17_41Mb	chr17	0	chr17	56548512	56548531	-	6	GCCCAGGGTCCCCAGATGTA
Chr7_80Mb	chr7	0	chr18	14555403	14555422	+	4	GTGTATGCAGGAGAGCACAT
Chr1_41Mb	chr1	0	chr18	12889962	12889981	-	1	ATCAACAGCAGTCAACAAGG
Chr18_58Mb	chr18	1	chr18	58345425	58345444	+	0	CGTATGAGCCATTCGGTTAA
Chr3_47Mb	chr3	0	chr18	32248564	32248583	-	4	TCAGAGCCTTGCTAGCCAGG
Chr3_47Mb	chr3	0	chr15	68214468	68214487	-	4	ATAGGGCTTTGCTAGCCATG
Chr14_83Mb	chr14	0	chr15	50778846	50778865	+	4	TTTTTAGTTATAGTAGAGGC
Chr7_80Mb	chr7	0	chr2	161982496	161982515	-	3	GGATATGCAGTGGAGCATAT
Chr2_129Mb	chr2	1	chr2	129961854	129961873	+	0	TCTGTGAACCAGTTAGGGTT
Chr5_101Mb	chr5	0	chr2	165367252	165367271	-	3	GAAGTGAGTTAGGCCAGCCA
Chr5_101Mb	chr5	0	chr2	164990847	164990866	+	4	TCTGTGAGTTAGGACAGCCA
Chr11_38Mb	chr11	1	chr11	38547630	38547649	-	0	ATGACCCTTTAAGTACAAAG
Chr3_47Mb	chr3	0	chr11	77906318	77906337	+	5	CTGAGGCTCTGCTAGCCAGG
Chr3_47Mb	chr3	0	chr9	47993347	47993366	-	11	TGCTGAATAAGCTAGCATGC
Chr9_25Mb	chr9	1	chr9	26134713	26134732	-	0	GAGCCGGAGCTAATGCAATA
Chr3_47Mb	chr3	1	chr3	47249652	47249671	+	0	GCTGGGCTTTGCTAGCCAGG
Chr9_25Mb	chr9	0	chr3	75883430	75883449	+	4	AATCCAGAGCTAATGCAACA
Chr1_41Mb	chr1	0	chr3	152070544	152070563	-	4	TCAAACAGTAATCAACAAGG
Chr3_47Mb	chr3	0	chr3	135690674	135690693	+	3	GAAGGGCTTTGCCAGCCAGG
Chr5_101Mb	chr5	0	chr4	83521756	83521775	+	2	ATAGTGAGTCAGGACAGCCA
Chr1_41Mb	chr1	0	chr14	106204159	106204178	-	5	AATCAAAGTAGTCAACAAGT
Chr17_41Mb	chr17	0	chr14	111204180	111204199	-	5	GTCCAGGGTTCCTAGGTCTA
Chr14_83Mb	chr14	1	chr14	83268830	83268849	+	0	GGCTTAGTTATAGTAGGGGC
Chr5_101Mb	chr5	1	chr5	101092193	101092212	+	0	ATAGTGAGTTAGGTCAGCCA
Chr5_101Mb	chr5	0	chr5	78627093	78627112	-	4	GAAGTGAGTAAGGTCACCCA
Chr5_101Mb	chr5	0	chr5	92627617	92627636	+	6	AGTGAGTTGTAGGTCAGCCA
Chr5_101Mb	chr5	0	chr5	138174327	138174346	+	3	AGAATGAGTTAGGACAGCCA
Chr6_70Mb	chr6	0	chr4	141560029	141560048	-	5	AGGGGCTGGAAATGCCCGTG
Chr1_41Mb	chr1	0	chr4	141467696	141467715	+	5	ACCAGCAGGAGCCAGCAAGG
Chr4_51Mb	chr4	0	chr5	117277083	117277102	+	8	GAGACAGCAGAAGTACCTGT
Chr5_101Mb	chr5	0	chr5	118747589	118747608	+	11	TTGTGGTTCTGTCTCAGCCG
Chr5_101Mb	chr5	0	chr5	129293784	129293803	+	3	GCAGTGAGTTAGGGCAGCCA
Chr5_101Mb	chr5	0	chr10	75649891	75649910	+	2	AAAGTGAGTTAGGACAGCCA
Chr10_80Mb	chr10	1	chr10	81077957	81077976	+	0	CTTCAACAAGAACCTCAACG
Chr7_80Mb	chr7	0	chr7	16744436	16744455	+	7	GTGGTAGCAGTGTAGCACAG
Chr3_47Mb	chr3	0	chr12	34660149	34660168	+	8	TGGCTGGCCTGCTAGCCAGG
Chr1_41Mb	chr1	0	chr13	118063408	118063427	+	4	GCTAACAGCAGTCAACAAGG
Chr10_80Mb	chr10	0	chr13	104059506	104059525	-	2	CTTCAACAAAAACCTCAATG
Chr14_83Mb	chr14	0	chr13	103183778	103183797	-	4	GGCGTAGCTTTAGTAGAGGC
Chr10_80Mb	chr10	0	chr14	33265865	33265884	+	7	GCTGCAACAGAACCTCAACA
Chr14_83Mb	chr14	0	chr14	26907277	26907296	-	5	CAGTTAGATATAGTAAGGGC
Chr8_61Mb	chr8	0	chr14	22766302	22766321	-	4	AGTGACCATATGCTAATCTA
Chr3_47Mb	chr3	0	chr12	75596239	75596258	-	3	GGCGGGCTCTGCTAGCCAGG
Chr3_47Mb	chr3	0	chr8	24450610	24450629	-	4	GCTGAGCCTGACTAGCCAGG
Chr1_41Mb	chr1	0	chr12	112132384	112132403	-	3	ATCAGAAGTAGCCAACAAGG
Chr1_41Mb	chr1	0	chr1	87152965	87152984	+	4	AGCAACAGGAGACAACAAAG
Chr7_80Mb	chr7	0	chr1	107266170	107266189	-	4	GTTTATGCAGTAGAGCACAT
Chr8_61Mb	chr8	1	chr8	59477701	59477720	-	0	GTCGACCATATGCTAATCTT
Chr1_41Mb	chr1	0	chr8	121047669	121047688	+	3	CCCAACAGTAGCCAACAAGG
Chr1_41Mb	chr1	0	chr8	123017128	123017147	-	4	GTAAACAGCAGACAACAAGG
Chr5_101Mb	chr5	0	chrX	48676369	48676388	-	8	TAATGAGTTGAGGTCAGCCA
ChrX_96Mb	chrX	1	chrX	99338620	99338639	-	0	GGTTCCTCATCTATATAACG
Chr1_41Mb	chr1	0	chr7	128935546	128935565	-	3	GTCAACAGGAGTCAACAAGA
Chr3_47Mb	chr3	0	chr7	79828272	79828291	+	4	AAAGGGCTTTGCTAGCCAGA
Chr7_80Mb	chr7	1	chr7	73307051	73307070	+	0	TGGTATGCAGTGGAGCACAT
ChrX_96Mb	chrX	0	chr6	110773677	110773696	+	3	ATTTCCTCATCTATATAATG
